{
  "cacheBootResources": true,
  "config": [ ],
  "debugBuild": false,
  "entryAssembly": "ReportEditor",
  "linkerEnabled": true,
  "resources": {
    "assembly": {
      "Microsoft.AspNetCore.Components.dll": "sha256-aVZKXZ4wQ6HM+bdook0xqP+osFQ+s5K4KJAHbsAdxIA=",
      "Microsoft.AspNetCore.Components.Web.dll": "sha256-LP6Pt\/NO3pm5BKIPxEcnzojiZDIA1NkU4f+e1FadnXQ=",
      "Microsoft.AspNetCore.Components.WebAssembly.dll": "sha256-wP5Mia00E\/5vuxoTzPCoYVwOgj2nMYMGan\/12vIz\/0Y=",
      "Microsoft.Bcl.AsyncInterfaces.dll": "sha256-jzHgXWAvWMkKIGFjZoT84tbe72E+H7CvTr\/Dryh4QPs=",
      "Microsoft.Extensions.Configuration.Abstractions.dll": "sha256-OYF+yErk2R6lVtB1UaAk3A5AOpqMZPHYEEcgU0iRslw=",
      "Microsoft.Extensions.Configuration.dll": "sha256-RzWmyLTyBjw\/TEyXPCn25GMQGsntBf476Tov2eXm1fo=",
      "Microsoft.Extensions.Configuration.Json.dll": "sha256-p90Y1uJsOIVUn1lgYMVUuriT1gv8gQhcxDbkGzQDuis=",
      "Microsoft.Extensions.DependencyInjection.Abstractions.dll": "sha256-P8sEGYgNxILvdi53vGD+wpWIJ3shcFWajl1ekLMiLMg=",
      "Microsoft.Extensions.DependencyInjection.dll": "sha256-7bmlrqE6PNeIFHmLlcoXBrLBlPFRtRKJYHLahgKcmXI=",
      "Microsoft.Extensions.Logging.Abstractions.dll": "sha256-J0WkGOC4cHfMQ\/nrR3luKLo\/7+x7sqWeGmRqqONhakc=",
      "Microsoft.Extensions.Logging.dll": "sha256-5GbUr8R\/cQy8yKL5kZkE5PSqlcnuXvSvqhqOjOlF\/Xg=",
      "Microsoft.Extensions.Options.dll": "sha256-Hpt1lIat6zcZK1JBUiX3bB\/W0iAmmmjxzHF4d6g5iU8=",
      "Microsoft.Extensions.Primitives.dll": "sha256-JUQoekdRpVa4OlZqMq+H52AkFje4lWtS3QpBL4cn6DE=",
      "Microsoft.JSInterop.dll": "sha256-3cbvJEo8k8VJVQwyEZWWQ6yGRFQW8\/219DaOnmsX3e4=",
      "Microsoft.JSInterop.WebAssembly.dll": "sha256-zV\/OfJNfNsG404X30Pwkdymdh1KmZpTVEmG\/JNFVc\/k=",
      "Mono.Security.dll": "sha256-9\/Xf2EMQPU1kqRhrGfm72ijdaabC5gSzbteNZSz42Uc=",
      "mscorlib.dll": "sha256-nJBEhZHJyp4OSsrKtgKpmqNEKjCfz7GnoJF2W9kKlyg=",
      "Newtonsoft.Json.dll": "sha256-8+aWlQshkso8ei8xp5J0gn4ZNGRYRMqXzI+osKzgVYI=",
      "ReportEditor.dll": "sha256-yeOvqTYFkzpYhxVSYUM6Hy709cUQOBfaqfXrw2sS6UU=",
      "System.Core.dll": "sha256-tjdqllSSpKKdy6hC6+pmy6sExM\/TEThaby9nDNAi2F0=",
      "System.Data.dll": "sha256-2D5h1ukxLywUfa7Q6TcE5INueKQ53MUP4NLbDGWSKLo=",
      "System.dll": "sha256-3O+dtck0WDEN38TlWQhX9+Ztpng78XVYZHWiCJIFR50=",
      "System.Drawing.Common.dll": "sha256-hkvQpQPBuctjcZPKcsax4ElgOX6gb1rci6KN4RIAerQ=",
      "System.Net.Http.dll": "sha256-T1\/w9h\/K0or8MmshKC\/SOVArCW0Zuj7bMd6Yk3HxMmo=",
      "System.Net.Http.WebAssemblyHttpHandler.dll": "sha256-Dr1Iwyi\/QGV\/HQfok+iB0TOncZnIAmd8p\/q9P2gXPVE=",
      "System.Numerics.dll": "sha256-CS+9LZ8B3bQKP23u2uImq+6b26dM1ULeyAGpeFVuQwc=",
      "System.Runtime.CompilerServices.Unsafe.dll": "sha256-snKdG6e7bmEeCLYy3PPgDgt7k8vAn8y3R9H3TjlIc\/g=",
      "System.Runtime.Serialization.dll": "sha256-\/QcubYTiQbM0uDMu8yt8ehdzs\/Qay71ZaDG9tMGZJTc=",
      "System.Text.Encodings.Web.dll": "sha256-7E\/+JyL3PkinchmZa6ubwALxorYziwNdX4d2ghVeT4A=",
      "System.Text.Json.dll": "sha256-PTKJfi09wdEOnWEy4w+6F0BnTQQ2vWsqTlG0lrQcpbg=",
      "System.Xml.dll": "sha256-Uh4nlsfcrfLe00wXxBP3iUXtMFcG9KQxwK4HGZkt34k=",
      "System.Xml.Linq.dll": "sha256-7\/J12FrpLgaaVsJ77lGJfasaHwbNPujAlnm1n4FhK78=",
      "WebAssembly.Bindings.dll": "sha256-XgkG0mRU06CJmBAk6kyO+U9t3zF7Qj7VTqiWHAYcL8k="
    },
    "pdb": null,
    "runtime": {
      "dotnet.3.2.0.js": "sha256-mPoqx7XczFHBWk3gRNn0hc9ekG1OvkKY4XiKRY5Mj5U=",
      "dotnet.timezones.dat": "sha256-3S0qzYaBEKOBXarzVLNzNAFXlwJr6nI3lFlYUpQTPH8=",
      "dotnet.wasm": "sha256-UC\/3Rm1NkdNdlIrzYARo+dO\/HDlS5mhPxo0IQv7kma8="
    },
    "satelliteResources": null
  }
}