{
  "cacheBootResources": true,
  "config": [ ],
  "debugBuild": false,
  "entryAssembly": "ReportEditor",
  "linkerEnabled": true,
  "resources": {
    "assembly": {
      "Microsoft.AspNetCore.Components.dll": "sha256-XY4lbrOO5fOhB\/tkJfj\/EmaA3V5S5VY6wLpBfjI59Dg=",
      "Microsoft.AspNetCore.Components.Web.dll": "sha256-DdDJozCjjqOfe8KsUHRke1hqWP+pk28sN70hDHW4Rrw=",
      "Microsoft.AspNetCore.Components.WebAssembly.dll": "sha256-Oz6VcnEvOSi9TF9ozqNvwYvugCiM8lkMwZNj9J2BHpA=",
      "Microsoft.Bcl.AsyncInterfaces.dll": "sha256-jzHgXWAvWMkKIGFjZoT84tbe72E+H7CvTr\/Dryh4QPs=",
      "Microsoft.Extensions.Configuration.Abstractions.dll": "sha256-5X2a9XriBABR488+w9neDZKrtj9+7kMNLQT4Psu\/g7g=",
      "Microsoft.Extensions.Configuration.dll": "sha256-lKqqhxiAd3vzqKzgpLIrNnS39sZANXLyMFRBv7nVUkc=",
      "Microsoft.Extensions.Configuration.Json.dll": "sha256-b6HONu8XHgGK5rnHveBfs9LTRgIEQMWyxq\/+O5kFE+s=",
      "Microsoft.Extensions.DependencyInjection.Abstractions.dll": "sha256-uPbQosjslZD4CWjN8QaT0rODCKxKez4+p84ET1kx5Sw=",
      "Microsoft.Extensions.DependencyInjection.dll": "sha256-VczOD5nc+d1CU5ga5ZUV17sZ6\/N\/Ua86EQFFyp3WFCY=",
      "Microsoft.Extensions.Logging.Abstractions.dll": "sha256-ZnvXuGGuMQB2tWzifseaoE+sbq6D\/wJQjExYgrAu+sw=",
      "Microsoft.Extensions.Logging.dll": "sha256-Am7S\/eYJPNBUqMzyRm4tebyahHv+jdS5jTN\/xONEwtk=",
      "Microsoft.Extensions.Options.dll": "sha256-SVP0\/QetFC54vxkbF2HFXPTuByOyplYGOdTQkogwYb4=",
      "Microsoft.Extensions.Primitives.dll": "sha256-4sDxhRGAINpTMXaEiMxjj1M0+JWu8gE3hk\/Fo\/oy+N4=",
      "Microsoft.JSInterop.dll": "sha256-3cbvJEo8k8VJVQwyEZWWQ6yGRFQW8\/219DaOnmsX3e4=",
      "Microsoft.JSInterop.WebAssembly.dll": "sha256-zV\/OfJNfNsG404X30Pwkdymdh1KmZpTVEmG\/JNFVc\/k=",
      "Mono.Security.dll": "sha256-QyH3nrvXCfR9DQ2DE9\/kOAfV\/QhTJzvV3SJiTfCZALk=",
      "mscorlib.dll": "sha256-KEosfGQB5OfVPxCwqKUy99ZG7wtjZq1ZGA5ueP6tGIQ=",
      "Newtonsoft.Json.dll": "sha256-8+aWlQshkso8ei8xp5J0gn4ZNGRYRMqXzI+osKzgVYI=",
      "ReportEditor.dll": "sha256-rY+P+S17XKm5Od1cNA6PcUCoqe56iQPXdDrCH\/62L9o=",
      "System.Core.dll": "sha256-1NqxXFgjmQ8qUtGegk7dms9auLC4fGd7h\/OMTFqTaAQ=",
      "System.Data.dll": "sha256-yK+uVT7lY7IgyO9+UagLCspy9pPHr6u8BZpDd6EE42k=",
      "System.dll": "sha256-lybi4oxGxtednPgehx+\/u8q1cKkiUBlCjC4UK3ZUyFk=",
      "System.Drawing.Common.dll": "sha256-XkgRqOF0HQv2rBzZB1qOnM44V0qRF0wiuyO9eMtZRxY=",
      "System.Net.Http.dll": "sha256-oKIK1yZhVYzj3avs10M6sNsdUzlJgxTPl6MUKuyjMuY=",
      "System.Net.Http.WebAssemblyHttpHandler.dll": "sha256-Wm3BZdqVFcFTiOCuwa+j7OFMWWPGiCZIl02dbcVeO4M=",
      "System.Numerics.dll": "sha256-ugicI6U74fhTdfg9xA\/W\/zSi+Cn0+EzSDBE\/HAlnNEo=",
      "System.Runtime.CompilerServices.Unsafe.dll": "sha256-7QgQNP9UGmQsehcJzzf1aFSL5tDu\/dp9fhRJ5H9xVQ8=",
      "System.Runtime.Serialization.dll": "sha256-8QXnf7\/Qc32LcNf6H+PIaagfKUXy5r6nFoNHrrmLSew=",
      "System.Text.Encodings.Web.dll": "sha256-JbBui7fmN\/4IW4yH9fszL+uJ75PugcBzePhhWjZFf30=",
      "System.Text.Json.dll": "sha256-PeOLHoTFLrqojnG\/5kpDmMehvmZtZE+EkSkVVsdAK9I=",
      "System.Xml.dll": "sha256-TzA+HmcHO5ZblC+Ao4If1XihXRC4ijcadQJ8AbaUaOs=",
      "System.Xml.Linq.dll": "sha256-YeG+CNiUQi\/vk8S6S6NrOetNwHHsZdKblv2BI\/snIeY=",
      "WebAssembly.Bindings.dll": "sha256-UD7QtN0UK068Bb2Eu\/tB9ZV\/hxeL5y9B6RH+QMnL8eM="
    },
    "pdb": null,
    "runtime": {
      "dotnet.3.2.0.js": "sha256-mPoqx7XczFHBWk3gRNn0hc9ekG1OvkKY4XiKRY5Mj5U=",
      "dotnet.timezones.dat": "sha256-3S0qzYaBEKOBXarzVLNzNAFXlwJr6nI3lFlYUpQTPH8=",
      "dotnet.wasm": "sha256-UC\/3Rm1NkdNdlIrzYARo+dO\/HDlS5mhPxo0IQv7kma8="
    },
    "satelliteResources": null
  }
}