{
  "cacheBootResources": true,
  "config": [ ],
  "debugBuild": false,
  "entryAssembly": "ReportEditor",
  "linkerEnabled": true,
  "resources": {
    "assembly": {
      "Microsoft.AspNetCore.Components.dll": "sha256-3tdgDd9w0d3SGLPWNDzKDL8HOvDGN2FiJuWXwLKjn9Q=",
      "Microsoft.AspNetCore.Components.Web.dll": "sha256-53+03kVPskHRq2XHHXH8XtE8hpK5EIrrs87EESB8xYI=",
      "Microsoft.AspNetCore.Components.WebAssembly.dll": "sha256-bejQRenfgMHkfu2JNoRynIcZ2j1zM49MmoPAmXN01DI=",
      "Microsoft.Bcl.AsyncInterfaces.dll": "sha256-jzHgXWAvWMkKIGFjZoT84tbe72E+H7CvTr\/Dryh4QPs=",
      "Microsoft.Extensions.Configuration.Abstractions.dll": "sha256-mHw3v16CWE90PEpOfoqdWdOBbIxKTf9Tl7CfQ7RVbOQ=",
      "Microsoft.Extensions.Configuration.dll": "sha256-4LEExRvxV6aRIALh9z1mlVp3uyB1alc83Ov+IBBWpvo=",
      "Microsoft.Extensions.Configuration.Json.dll": "sha256-6Ep+R9doeBKm35yp3VF+sM+Xi5ZKkCOzgZRGsZEjGyY=",
      "Microsoft.Extensions.DependencyInjection.Abstractions.dll": "sha256-4PfaUAXdwYYJAuSrtQpK2l9ECAaf1klZ2xBs\/Ag1YMs=",
      "Microsoft.Extensions.DependencyInjection.dll": "sha256-OU5rAIqcVDs0jpAhAMP3lOmplweVJiCqouRLYbZeoKo=",
      "Microsoft.Extensions.Logging.Abstractions.dll": "sha256-mm4DWc4e8H806aUURbv7sdoX9csvVodRSSLy77KT\/pU=",
      "Microsoft.Extensions.Logging.dll": "sha256-BinNdeLHtES4Mt8WZ3ZNaDMr8Q9H\/+9VQABX55xpwLM=",
      "Microsoft.Extensions.Options.dll": "sha256-qKVI5s6+WS7HrcPKHdwaJ1pIG1MlPAxMoXwqaLbgO\/s=",
      "Microsoft.Extensions.Primitives.dll": "sha256-sBzf2tjQx3+s1wNBqru7CCqIvF34z2l7gRschJODzOY=",
      "Microsoft.JSInterop.dll": "sha256-3cbvJEo8k8VJVQwyEZWWQ6yGRFQW8\/219DaOnmsX3e4=",
      "Microsoft.JSInterop.WebAssembly.dll": "sha256-zV\/OfJNfNsG404X30Pwkdymdh1KmZpTVEmG\/JNFVc\/k=",
      "Mono.Security.dll": "sha256-Hfov3SqmzcOIKtpNJHNvPZqhmvbrcXj0WExlOTl2p8I=",
      "mscorlib.dll": "sha256-T18fVIHdzXyGgRhKAGmCxjtRMV2Wv2yfm499J4mAQvE=",
      "Newtonsoft.Json.dll": "sha256-8+aWlQshkso8ei8xp5J0gn4ZNGRYRMqXzI+osKzgVYI=",
      "ReportEditor.dll": "sha256-+y28ZyWhC27EuuZZm+Ynomm99+EdtY8OZRerl\/h4eDA=",
      "System.Core.dll": "sha256-R6CuivGrf0pZSEavUQLRNpFMC4duz9K84pAelT\/z9BA=",
      "System.Data.dll": "sha256-aCIrJmy53T26o14QJDKe2lm3SGtphv5AZNXlnwU36FU=",
      "System.dll": "sha256-DTRulrS6XZ\/7Bbr7uRdWyXZKvcIqORxVh6ghPaYpwrM=",
      "System.Drawing.Common.dll": "sha256-Q3GBSxtEL5jcPtjYgmObITquF3wZ3C6rm3z+YSpn2IE=",
      "System.Net.Http.dll": "sha256-nioLUL86dBmchqTYXUWku9uNGaFxvkJ4gOiudPUyYK8=",
      "System.Net.Http.WebAssemblyHttpHandler.dll": "sha256-opuoG+iSBv\/sW6NsZ8p6RToYYuoPd2T0EwHy99vvIqA=",
      "System.Numerics.dll": "sha256-dF0L6U79CXEREhyfrvOph1YfBnfoXuKCUt9aYSd1rLc=",
      "System.Runtime.CompilerServices.Unsafe.dll": "sha256-uXG6PbKUGqUSIGZWrNulWfL1lEpo6zgHUHsVSoBYIfE=",
      "System.Runtime.Serialization.dll": "sha256-pCsm24a0s5fgUjKhRu+Y2R7c51bVWr9QWJeY2DfU8A8=",
      "System.Text.Encodings.Web.dll": "sha256-xwzKmL8ZKYFfGduRzL8POBvNwIMYxjY64FIQuDihOmw=",
      "System.Text.Json.dll": "sha256-Qb9TeRy+1Nymgl6C0yalWBkoDUlRo5qD5l0eOz3amG4=",
      "System.Xml.dll": "sha256-WSrbp\/UhVmQ7Ymb0YCfJpAsNSzTELFuyHD\/Jk6Xw6Kw=",
      "System.Xml.Linq.dll": "sha256-H5Hcu\/x10bC1z8fWPW8LVEvJM0qp12rAH4kIlnJ7tko=",
      "WebAssembly.Bindings.dll": "sha256-DH16AKYjGwUnzUocnC5UP4KKcq7v14Z92LcDlTUzdFs="
    },
    "pdb": null,
    "runtime": {
      "dotnet.3.2.0.js": "sha256-mPoqx7XczFHBWk3gRNn0hc9ekG1OvkKY4XiKRY5Mj5U=",
      "dotnet.timezones.dat": "sha256-3S0qzYaBEKOBXarzVLNzNAFXlwJr6nI3lFlYUpQTPH8=",
      "dotnet.wasm": "sha256-UC\/3Rm1NkdNdlIrzYARo+dO\/HDlS5mhPxo0IQv7kma8="
    },
    "satelliteResources": null
  }
}